method,accounts,balance_bits,debit_magnitude,ns_per_op,error_ns_per_op,bytes_per_op
apeironDebit,1,63,one,15.714,0.695,64.0
apeironDebit,1,63,halfBalance,17.657,39.996,64.0
apeironDebit,1,256,one,19.058,2.99,88.0
apeironDebit,1,256,halfBalance,21.363,3.034,88.0
apeironDebit,1,4096,one,54.248,6.877,568.001
apeironDebit,1,4096,halfBalance,85.938,21.363,568.001
apeironDebit,1024,63,one,22.847,4.545,64.008
apeironDebit,1024,63,halfBalance,26.923,29.117,64.009
apeironDebit,1024,256,one,24.336,6.953,88.008
apeironDebit,1024,256,halfBalance,26.216,7.264,88.009
apeironDebit,1024,4096,one,65.639,31.445,568.023
apeironDebit,1024,4096,halfBalance,99.844,11.402,568.034
gregTechDebit,1,63,one,15.319,1.589,64.0
gregTechDebit,1,63,halfBalance,18.709,45.582,64.0
gregTechDebit,1,256,one,18.098,3.083,88.0
gregTechDebit,1,256,halfBalance,21.452,0.571,88.0
gregTechDebit,1,4096,one,57.694,35.627,568.001
gregTechDebit,1,4096,halfBalance,92.319,113.421,568.002
gregTechDebit,1024,63,one,21.811,11.89,64.007
gregTechDebit,1024,63,halfBalance,21.109,3.65,64.007
gregTechDebit,1024,256,one,24.696,21.146,88.008
gregTechDebit,1024,256,halfBalance,27.468,2.108,88.009
gregTechDebit,1024,4096,one,65.263,18.307,568.022
gregTechDebit,1024,4096,halfBalance,100.241,41.892,568.034
